nfotradingsymbol,tradingsymbol
NIFTY,NIFTY23NOVFUT
BANKNIFTY,BANKNIFTY23NOVFUT
AARTIIND,AARTIIND23NOVFUT
ABB,ABB23NOVFUT
ABBOTINDIA,ABBOTINDIA23NOVFUT
ABCAPITAL,ABCAPITAL23NOVFUT
ABFRL,ABFRL23NOVFUT
ACC,ACC23NOVFUT
ADANIENT,ADANIENT23NOVFUT
ADANIPORTS,ADANIPORTS23NOVFUT
ALKEM,ALKEM23NOVFUT
AMBUJACEM,AMBUJACEM23NOVFUT
APOLLOHOSP,APOLLOHOSP23NOVFUT
APOLLOTYRE,APOLLOTYRE23NOVFUT
ASHOKLEY,ASHOKLEY23NOVFUT
ASIANPAINT,ASIANPAINT23NOVFUT
ASTRAL,ASTRAL23NOVFUT
ATUL,ATUL23NOVFUT
AUBANK,AUBANK23NOVFUT
AUROPHARMA,AUROPHARMA23NOVFUT
AXISBANK,AXISBANK23NOVFUT
BAJAJ-AUTO,BAJAJ-AUTO23NOVFUT
BAJAJFINSV,BAJAJFINSV23NOVFUT
BAJFINANCE,BAJFINANCE23NOVFUT
BALKRISIND,BALKRISIND23NOVFUT
BALRAMCHIN,BALRAMCHIN23NOVFUT
BANDHANBNK,BANDHANBNK23NOVFUT
BANKBARODA,BANKBARODA23NOVFUT
BATAINDIA,BATAINDIA23NOVFUT
BEL,BEL23NOVFUT
BERGEPAINT,BERGEPAINT23NOVFUT
BHARATFORG,BHARATFORG23NOVFUT
BHARTIARTL,BHARTIARTL23NOVFUT
BHEL,BHEL23NOVFUT
BIOCON,BIOCON23NOVFUT
BOSCHLTD,BOSCHLTD23NOVFUT
BPCL,BPCL23NOVFUT
BRITANNIA,BRITANNIA23NOVFUT
BSOFT,BSOFT23NOVFUT
CANBK,CANBK23NOVFUT
CANFINHOME,CANFINHOME23NOVFUT
CHAMBLFERT,CHAMBLFERT23NOVFUT
CHOLAFIN,CHOLAFIN23NOVFUT
CIPLA,CIPLA23NOVFUT
COALINDIA,COALINDIA23NOVFUT
COFORGE,COFORGE23NOVFUT
COLPAL,COLPAL23NOVFUT
CONCOR,CONCOR23NOVFUT
COROMANDEL,COROMANDEL23NOVFUT
CROMPTON,CROMPTON23NOVFUT
CUB,CUB23NOVFUT
CUMMINSIND,CUMMINSIND23NOVFUT
DABUR,DABUR23NOVFUT
DALBHARAT,DALBHARAT23NOVFUT
DEEPAKNTR,DEEPAKNTR23NOVFUT
DELTACORP,DELTACORP23NOVFUT
DIVISLAB,DIVISLAB23NOVFUT
DIXON,DIXON23NOVFUT
DLF,DLF23NOVFUT
DRREDDY,DRREDDY23NOVFUT
EICHERMOT,EICHERMOT23NOVFUT
ESCORTS,ESCORTS23NOVFUT
EXIDEIND,EXIDEIND23NOVFUT
FEDERALBNK,FEDERALBNK23NOVFUT
GAIL,GAIL23NOVFUT
GLENMARK,GLENMARK23NOVFUT
GMRINFRA,GMRINFRA23NOVFUT
GNFC,GNFC23NOVFUT
GODREJCP,GODREJCP23NOVFUT
GODREJPROP,GODREJPROP23NOVFUT
GRANULES,GRANULES23NOVFUT
GRASIM,GRASIM23NOVFUT
GUJGASLTD,GUJGASLTD23NOVFUT
HAL,HAL23NOVFUT
HAVELLS,HAVELLS23NOVFUT
HCLTECH,HCLTECH23NOVFUT
HDFCAMC,HDFCAMC23NOVFUT
HDFCBANK,HDFCBANK23NOVFUT
HDFCLIFE,HDFCLIFE23NOVFUT
HEROMOTOCO,HEROMOTOCO23NOVFUT
HINDALCO,HINDALCO23NOVFUT
HINDCOPPER,HINDCOPPER23NOVFUT
HINDPETRO,HINDPETRO23NOVFUT
HINDUNILVR,HINDUNILVR23NOVFUT
IBULHSGFIN,IBULHSGFIN23NOVFUT
ICICIBANK,ICICIBANK23NOVFUT
ICICIGI,ICICIGI23NOVFUT
ICICIPRULI,ICICIPRULI23NOVFUT
IDEA,IDEA23NOVFUT
IDFC,IDFC23NOVFUT
IDFCFIRSTB,IDFCFIRSTB23NOVFUT
IEX,IEX23NOVFUT
IGL,IGL23NOVFUT
INDHOTEL,INDHOTEL23NOVFUT
INDIACEM,INDIACEM23NOVFUT
INDIAMART,INDIAMART23NOVFUT
INDIGO,INDIGO23NOVFUT
INDUSINDBK,INDUSINDBK23NOVFUT
INDUSTOWER,INDUSTOWER23NOVFUT
INFY,INFY23NOVFUT
IOC,IOC23NOVFUT
IPCALAB,IPCALAB23NOVFUT
IRCTC,IRCTC23NOVFUT
ITC,ITC23NOVFUT
JINDALSTEL,JINDALSTEL23NOVFUT
JKCEMENT,JKCEMENT23NOVFUT
JSWSTEEL,JSWSTEEL23NOVFUT
JUBLFOOD,JUBLFOOD23NOVFUT
KOTAKBANK,KOTAKBANK23NOVFUT
L&TFH,L&TFH23NOVFUT
LALPATHLAB,LALPATHLAB23NOVFUT
LAURUSLABS,LAURUSLABS23NOVFUT
LICHSGFIN,LICHSGFIN23NOVFUT
LT,LT23NOVFUT
LTIM,LTIM23NOVFUT
LTTS,LTTS23NOVFUT
LUPIN,LUPIN23NOVFUT
M&M,M&M23NOVFUT
M&MFIN,M&MFIN23NOVFUT
MANAPPURAM,MANAPPURAM23NOVFUT
MARICO,MARICO23NOVFUT
MARUTI,MARUTI23NOVFUT
MCDOWELL-N,MCDOWELL-N23NOVFUT
MCX,MCX23NOVFUT
METROPOLIS,METROPOLIS23NOVFUT
MFSL,MFSL23NOVFUT
MGL,MGL23NOVFUT
MOTHERSON,MOTHERSON23NOVFUT
MPHASIS,MPHASIS23NOVFUT
MRF,MRF23NOVFUT
MUTHOOTFIN,MUTHOOTFIN23NOVFUT
NATIONALUM,NATIONALUM23NOVFUT
NAUKRI,NAUKRI23NOVFUT
NAVINFLUOR,NAVINFLUOR23NOVFUT
NESTLEIND,NESTLEIND23NOVFUT
NMDC,NMDC23NOVFUT
NTPC,NTPC23NOVFUT
OBEROIRLTY,OBEROIRLTY23NOVFUT
OFSS,OFSS23NOVFUT
ONGC,ONGC23NOVFUT
PAGEIND,PAGEIND23NOVFUT
PEL,PEL23NOVFUT
PERSISTENT,PERSISTENT23NOVFUT
PETRONET,PETRONET23NOVFUT
PFC,PFC23NOVFUT
PIDILITIND,PIDILITIND23NOVFUT
PIIND,PIIND23NOVFUT
PNB,PNB23NOVFUT
POLYCAB,POLYCAB23NOVFUT
POWERGRID,POWERGRID23NOVFUT
PVRINOX,PVRINOX23NOVFUT
RAMCOCEM,RAMCOCEM23NOVFUT
RBLBANK,RBLBANK23NOVFUT
RECLTD,RECLTD23NOVFUT
RELIANCE,RELIANCE23NOVFUT
SAIL,SAIL23NOVFUT
SBICARD,SBICARD23NOVFUT
SBILIFE,SBILIFE23NOVFUT
SBIN,SBIN23NOVFUT
SHREECEM,SHREECEM23NOVFUT
SHRIRAMFIN,SHRIRAMFIN23NOVFUT
SIEMENS,SIEMENS23NOVFUT
SRF,SRF23NOVFUT
SUNPHARMA,SUNPHARMA23NOVFUT
SUNTV,SUNTV23NOVFUT
SYNGENE,SYNGENE23NOVFUT
TATACHEM,TATACHEM23NOVFUT
TATACOMM,TATACOMM23NOVFUT
TATACONSUM,TATACONSUM23NOVFUT
TATAMOTORS,TATAMOTORS23NOVFUT
TATAPOWER,TATAPOWER23NOVFUT
TATASTEEL,TATASTEEL23NOVFUT
TCS,TCS23NOVFUT
TECHM,TECHM23NOVFUT
TITAN,TITAN23NOVFUT
TORNTPHARM,TORNTPHARM23NOVFUT
TRENT,TRENT23NOVFUT
TVSMOTOR,TVSMOTOR23NOVFUT
UBL,UBL23NOVFUT
ULTRACEMCO,ULTRACEMCO23NOVFUT
UPL,UPL23NOVFUT
VEDL,VEDL23NOVFUT
VOLTAS,VOLTAS23NOVFUT
WIPRO,WIPRO23NOVFUT
ZEEL,ZEEL23NOVFUT
ZYDUSLIFE,ZYDUSLIFE23NOVFUT
